emodbEmotion,abcAffect,arousal,valence,avicLoI
0.000032,0.081552,"3.304261e-01
","2.523552e-01
",0.007110
0.000016,0.183284,,,0.866455
0.335981,0.578881,,,0.126435
0.000006,0.015480,,,
0.000055,0.125878,,,
0.000004,0.014925,,,
0.663906,,,,
