emodbEmotion,abcAffect,arousal,valence,avicLoI
0.003483,0.056913,"4.701893e-01
","9.288360e-02
",0.102650
0.284916,0.358711,,,0.176900
0.010403,0.100918,,,0.720450
0.004684,0.033772,,,
0.004825,0.278887,,,
0.075586,0.170799,,,
0.616103,,,,
