emodbEmotion,abcAffect,arousal,valence,avicLoI
0.011395,0.215405,"1.281923e-01
","-3.845770e-03
",0.004722
0.096986,0.438105,,,0.966718
0.430936,0.146177,,,0.028559
0.015841,0.026726,,,
0.040590,0.037131,,,
0.026126,0.136457,,,
0.378125,,,,
