emodbEmotion,abcAffect,arousal,valence,avicLoI
0.003401,0.101005,"2.051118e-03
","8.940297e-03
",0.014821
0.126636,0.248957,,,0.948399
0.044417,0.150841,,,0.036780
0.002693,0.022334,,,
0.004660,0.030162,,,
0.021114,0.446700,,,
0.797079,,,,
