emodbEmotion,abcAffect,arousal,valence,avicLoI
0.000007,0.066032,"3.580932e-01
","1.974163e-01
",0.011291
0.000006,0.164758,,,0.180537
0.027346,0.590632,,,0.808171
0.000001,0.022913,,,
0.000007,0.116829,,,
0.000002,0.038837,,,
0.972631,,,,
