emodbEmotion,abcAffect,arousal,valence,avicLoI
0.000119,0.118871,"2.523696e-01
","6.346252e-02
",0.007519
0.000020,0.299684,,,0.595941
0.647804,0.439178,,,0.396541
0.000006,0.021521,,,
0.000070,0.082268,,,
0.000001,0.038479,,,
0.351980,,,,
